,precision,recall,f1-score,support
0,0.8571428571428571,0.48,0.6153846153846154,50.0
1,0.6578947368421053,0.9259259259259259,0.7692307692307693,54.0
accuracy,0.7115384615384616,0.7115384615384616,0.7115384615384616,0.7115384615384616
macro avg,0.7575187969924813,0.702962962962963,0.6923076923076923,104.0
weighted avg,0.7536871023713128,0.7115384615384616,0.6952662721893491,104.0
