AUROC,AUROC_CI_low,AUROC_CI_high,PR_AUC(AP),PR_AUC_CI_low,PR_AUC_CI_high,Brier,LogLoss,Best_Threshold_by_F1,Precision_at_bestF1,Recall_at_bestF1,F1_at_bestF1,Support_Positive,Support_Negative
0.7855555555555556,0.7105020456555234,0.8690543831168831,0.7810683152152796,0.6680322652584603,0.8963912240558932,0.1895832136937064,0.5610912448930121,0.38969424,0.6578947368421053,0.9259259259259259,0.7692307692307693,54.0,50.0
