Model,AUROC,PR_AUC(AP),Brier
Lasso→XGB (All selected),0.7855555555555556,0.7810683152152796,0.1895832136937064
Lasso→XGB (Top30 by SHAP),0.804074074074074,0.7938497570570063,0.18102741481321188
